{
    "fitnessObj2": {
        "max": 13.0,
        "std": 0.4122026200790092,
        "avg": 12.217,
        "min": 12.0
    },
    "evals": 1000,
    "fitnessObj1": {
        "max": 283.0,
        "std": 2.4865620844853242,
        "avg": 280.253,
        "min": 272.0
    },
    "gen": 100
}