{
    "fitnessObj2": {
        "max": 95.0,
        "std": 18.560453011712838,
        "avg": 11.672,
        "min": 1.0
    },
    "evals": 1000,
    "fitnessObj1": {
        "max": 1822.0,
        "std": 384.81408728761477,
        "avg": 1099.515,
        "min": 521.0
    },
    "gen": 100
}