{
    "fitnessObj2": {
        "max": 21.0,
        "std": 0.6412612572111307,
        "avg": 20.028,
        "min": 17.0
    },
    "evals": 1000,
    "fitnessObj1": {
        "max": 446.0,
        "std": 2.7367016644128386,
        "avg": 442.592,
        "min": 435.0
    },
    "gen": 100
}