{
    "gen": 200,
    "fitnessObj1": {
        "std": 1.685998821103878,
        "max": 21.908902300206645,
        "min": 13.74772708486752,
        "avg": 21.49924203257492
    },
    "fitnessObj2": {
        "std": 0.41231056256176624,
        "max": 3.0,
        "min": 1.0,
        "avg": 1.1
    },
    "evals": 100
}