{
    "gen": 100,
    "fitnessObj1": {
        "std": 0.6483989358828052,
        "max": 22.24859546128699,
        "min": 20.493901531919196,
        "avg": 21.811225981589068
    },
    "fitnessObj2": {
        "std": 1.2478381305281545,
        "max": 4.0,
        "min": 1.0,
        "avg": 1.77
    },
    "evals": 100
}