{
    "gen": 1000,
    "fitnessObj1": {
        "std": 1.830155648299319,
        "max": 21.908902300206645,
        "min": 11.180339887498949,
        "avg": 21.58704542782541
    },
    "fitnessObj2": {
        "std": 0.17058722109231983,
        "max": 2.0,
        "min": 1.0,
        "avg": 1.03
    },
    "evals": 100
}