{
    "gen": 400,
    "fitnessObj1": {
        "std": 1.9653787856076457,
        "max": 21.908902300206645,
        "min": 13.2664991614216,
        "avg": 21.387316012746513
    },
    "fitnessObj2": {
        "std": 0.6641535966928133,
        "max": 4.0,
        "min": 1.0,
        "avg": 1.17
    },
    "evals": 100
}