{
    "evals": 1000,
    "gen": 100,
    "fitnessObj1": {
        "avg": 530.179,
        "std": 0.856130247100288,
        "min": 527.0,
        "max": 531.0
    },
    "fitnessObj2": {
        "avg": 17.002,
        "std": 0.044676615807377355,
        "min": 17.0,
        "max": 18.0
    }
}