{
    "evals": 1000,
    "gen": 100,
    "fitnessObj1": {
        "avg": 1120.685,
        "std": 420.96258239301983,
        "min": 529.0,
        "max": 1882.0
    },
    "fitnessObj2": {
        "avg": 15.252,
        "std": 25.036343502995802,
        "min": 1.0,
        "max": 107.0
    }
}