{
    "evals": 1000,
    "gen": 100,
    "fitnessObj1": {
        "avg": 486.103,
        "std": 24.426100609798524,
        "min": 305.0,
        "max": 492.0
    },
    "fitnessObj2": {
        "avg": 1.02,
        "std": 0.13999999999999999,
        "min": 1.0,
        "max": 2.0
    }
}