{
    "evals": 1000,
    "gen": 100,
    "fitnessObj1": {
        "avg": 509.035,
        "std": 2.0415129193811143,
        "min": 501.0,
        "max": 511.0
    },
    "fitnessObj2": {
        "avg": 17.007,
        "std": 0.0833726573883788,
        "min": 17.0,
        "max": 18.0
    }
}