{
    "gen": 100,
    "evals": 100,
    "fitnessObj2": {
        "std": 30.319630604609944,
        "max": 87.0,
        "avg": 33.0,
        "min": 1.0
    },
    "fitnessObj1": {
        "std": 315.453464713894,
        "max": 1667.0,
        "avg": 841.54,
        "min": 590.0
    }
}