{
    "gen": 100,
    "evals": 100,
    "fitnessObj2": {
        "std": 0.47958315233127186,
        "max": 23.0,
        "avg": 21.3,
        "min": 21.0
    },
    "fitnessObj1": {
        "std": 0.5264028875300741,
        "max": 592.0,
        "avg": 590.73,
        "min": 589.0
    }
}