{
    "gen": 100,
    "evals": 100,
    "fitnessObj2": {
        "std": 0.5840376700179536,
        "max": 4.0,
        "avg": 1.33,
        "min": 1.0
    },
    "fitnessObj1": {
        "std": 65.7593765177256,
        "max": 481.0,
        "avg": 438.62,
        "min": 272.0
    }
}