{
    "evals": 1000,
    "fitnessObj2": {
        "std": 0.22722455853186294,
        "max": 3.0,
        "min": 1.0,
        "avg": 1.037
    },
    "gen": 100,
    "fitnessObj1": {
        "std": 0.487680331454151,
        "max": 22.20360331117452,
        "min": 19.157244060668017,
        "avg": 22.104754418321697
    }
}