{
    "evals": 100,
    "fitnessObj2": {
        "std": 0.804673846971554,
        "max": 3.0,
        "min": 1.0,
        "avg": 1.85
    },
    "gen": 100,
    "fitnessObj1": {
        "std": 0.4393490063246949,
        "max": 22.759613353482084,
        "min": 21.540659228538015,
        "avg": 22.120284185575954
    }
}