{
    "evals": 200,
    "fitnessObj2": {
        "std": 0.8347304954295127,
        "max": 3.0,
        "min": 1.0,
        "avg": 1.615
    },
    "gen": 100,
    "fitnessObj1": {
        "std": 0.74659714079913,
        "max": 22.427661492005804,
        "min": 20.42057785666214,
        "avg": 21.826534143316263
    }
}