{
    "evals": 400,
    "fitnessObj2": {
        "std": 2.178623418583395,
        "max": 6.0,
        "min": 1.0,
        "avg": 2.56
    },
    "gen": 100,
    "fitnessObj1": {
        "std": 1.5892211364632132,
        "max": 22.715633383201094,
        "min": 19.183326093250876,
        "avg": 21.40062793890447
    }
}