{
    "fitnessObj2": {
        "max": 5.0,
        "min": 1.0,
        "std": 1.574134682929005,
        "avg": 2.61
    },
    "fitnessObj1": {
        "max": 496.0,
        "min": 408.0,
        "std": 34.21063431157043,
        "avg": 462.25
    },
    "gen": 100,
    "evals": 100
}