{
    "fitnessObj2": {
        "max": 96.0,
        "min": 1.0,
        "std": 30.690355162493642,
        "avg": 30.39
    },
    "fitnessObj1": {
        "max": 1785.0,
        "min": 492.0,
        "std": 359.70369139056663,
        "avg": 894.12
    },
    "gen": 100,
    "evals": 100
}